Index,Age,Player,Pos,Tm,G,GS,eFG%,FT%,TRBPG,ASTPG,STLPG,BLKPG,TOVPG,PFPG,PPG,MPG,Star,Active
259,24.0,A.J. Green,SG,MIL,56.0,0.0,59.9,89.5,1.1428571428571428,0.5357142857142857,0.16071428571428573,0.07142857142857142,0.21428571428571427,0.875,4.5,10.964285714285714,0,1
253,28.0,Aaron Gordon,PF,DEN,73.0,73.0,58.4,65.8,6.4520547945205475,3.547945205479452,0.7671232876712328,0.6164383561643836,1.4383561643835616,1.9452054794520548,13.876712328767123,31.465753424657535,1,1
305,27.0,Aaron Holiday,PG,HOU,78.0,1.0,54.7,92.10000000000001,1.5769230769230769,1.794871794871795,0.5384615384615384,0.07692307692307693,0.6794871794871795,1.6025641025641026,6.589743589743589,16.26923076923077,0,1
501,24.0,Aaron Nesmith,SF,IND,72.0,47.0,60.6,78.10000000000001,3.8194444444444446,1.5,0.9027777777777778,0.6805555555555556,0.8888888888888888,3.3472222222222223,12.180555555555555,27.708333333333332,0,1
724,25.0,Aaron Wiggins,SG,OKC,78.0,4.0,64.5,78.9,2.3846153846153846,1.1025641025641026,0.717948717948718,0.24358974358974358,0.717948717948718,1.1666666666666667,6.948717948717949,15.743589743589743,0,1
313,37.0,Al Horford,C,BOS,65.0,33.0,64.0,86.7,6.3538461538461535,2.5846153846153848,0.5846153846153846,0.9538461538461539,0.7384615384615385,1.4307692307692308,8.646153846153846,26.76923076923077,0,1
116,32.0,Alec Burks,SG,TOT,66.0,1.0,47.8,86.8,2.272727272727273,1.3333333333333333,0.42424242424242425,0.18181818181818182,0.7272727272727273,1.1363636363636365,10.43939393939394,18.363636363636363,0,1
129,29.0,Alex Caruso,SG,CHI,71.0,57.0,59.3,76.0,3.8450704225352115,3.4788732394366195,1.6901408450704225,0.9859154929577465,1.4366197183098592,2.5492957746478875,10.070422535211268,28.732394366197184,1,1
383,30.0,Alex Len,C,SAC,48.0,0.0,61.7,58.8,2.6666666666666665,1.0416666666666667,0.22916666666666666,0.6875,0.5625,1.375,2.5,9.25,0,1
612,21.0,Alperen Sengun,C,HOU,63.0,63.0,55.300000000000004,69.3,9.34920634920635,4.9523809523809526,1.2063492063492063,0.7301587301587301,2.5714285714285716,3.3492063492063493,21.126984126984127,32.476190476190474,1,1
663,21.0,Amen Thompson,SF,HOU,62.0,23.0,54.50000000000001,68.4,6.596774193548387,2.629032258064516,1.2580645161290323,0.6129032258064516,1.4516129032258065,2.274193548387097,9.548387096774194,22.387096774193548,0,1
141,26.0,Amir Coffey,SF,LAC,70.0,13.0,57.099999999999994,85.9,2.1142857142857143,1.0857142857142856,0.5857142857142857,0.2,0.4714285714285714,1.457142857142857,6.614285714285714,20.857142857142858,0,1
182,30.0,Andre Drummond,C,CHI,79.0,10.0,55.60000000000001,59.199999999999996,8.962025316455696,0.46835443037974683,0.9240506329113924,0.6075949367088608,1.0253164556962024,1.7721518987341771,8.39240506329114,17.10126582278481,0,1
329,22.0,Andre Jackson Jr.,SG,MIL,57.0,8.0,58.5,72.7,1.9824561403508771,0.8771929824561403,0.2807017543859649,0.10526315789473684,0.49122807017543857,1.6140350877192982,2.192982456140351,10.035087719298245,0,1
500,24.0,Andrew Nembhard,PG,IND,68.0,47.0,55.7,80.4,2.073529411764706,4.117647058823529,0.9264705882352942,0.08823529411764706,1.4852941176470589,2.1029411764705883,9.205882352941176,24.955882352941178,1,1
725,28.0,Andrew Wiggins,SF,GSW,71.0,59.0,51.1,75.1,4.52112676056338,1.676056338028169,0.5915492957746479,0.5774647887323944,1.2253521126760563,2.0704225352112675,13.225352112676056,27.04225352112676,1,1
625,24.0,Anfernee Simons,SG,POR,46.0,46.0,52.300000000000004,91.60000000000001,3.630434782608696,5.543478260869565,0.5,0.10869565217391304,2.739130434782609,2.130434782608696,22.58695652173913,34.391304347826086,0,1
72,20.0,Anthony Black,PG,ORL,69.0,33.0,54.0,61.3,2.0144927536231885,1.318840579710145,0.5072463768115942,0.30434782608695654,0.8115942028985508,1.5942028985507246,4.579710144927536,16.869565217391305,0,1
160,30.0,Anthony Davis,C,LAL,76.0,76.0,56.699999999999996,81.6,12.644736842105264,3.5,1.1973684210526316,2.3421052631578947,2.0921052631578947,2.3289473684210527,24.68421052631579,35.526315789473685,1,1
189,22.0,Anthony Edwards,SG,MIN,79.0,78.0,52.2,83.6,5.443037974683544,5.1265822784810124,1.2784810126582278,0.5316455696202531,3.050632911392405,1.7848101265822784,25.936708860759495,35.063291139240505,1,1
244,31.0,Anthony Gill,PF,WAS,50.0,3.0,50.0,80.60000000000001,1.88,0.68,0.26,0.22,0.46,0.96,3.78,9.32,0,1
664,21.0,Ausar Thompson,SF,DET,63.0,38.0,50.5,59.699999999999996,6.380952380952381,1.9047619047619047,1.0793650793650793,0.9365079365079365,1.3333333333333333,2.7777777777777777,8.825396825396826,25.126984126984127,0,1
573,25.0,Austin Reaves,SG,LAL,82.0,57.0,56.8,85.3,4.2926829268292686,5.487804878048781,0.8048780487804879,0.3048780487804878,2.1219512195121952,1.8658536585365855,15.853658536585366,32.0609756097561,1,1
179,24.0,Ayo Dosunmu,SG,CHI,76.0,37.0,58.3,81.0,2.8421052631578947,3.1842105263157894,0.8947368421052632,0.47368421052631576,1.355263157894737,2.1842105263157894,12.157894736842104,29.105263157894736,0,1
3,26.0,Bam Adebayo,C,MIA,71.0,71.0,52.900000000000006,75.5,10.380281690140846,3.915492957746479,1.1408450704225352,0.9295774647887324,2.2816901408450705,2.23943661971831,19.253521126760564,34.028169014084504,1,1
619,22.0,Ben Sheppard,SG,IND,57.0,1.0,50.0,88.5,1.5614035087719298,0.9298245614035088,0.5789473684210527,0.03508771929824561,0.2631578947368421,1.543859649122807,4.421052631578948,14.280701754385966,0,1
429,21.0,Bennedict Mathurin,SF,IND,59.0,19.0,50.7,82.1,3.9661016949152543,2.016949152542373,0.5932203389830508,0.23728813559322035,1.6440677966101696,1.9830508474576272,14.508474576271187,26.06779661016949,0,1
146,19.0,Bilal Coulibaly,SF,WAS,63.0,15.0,50.9,70.19999999999999,4.063492063492063,1.746031746031746,0.9047619047619048,0.7619047619047619,1.380952380952381,2.1746031746031744,8.444444444444445,27.22222222222222,0,1
717,20.0,Blake Wesley,SG,SAS,61.0,3.0,50.2,66.7,1.540983606557377,2.721311475409836,0.47540983606557374,0.14754098360655737,0.9016393442622951,1.459016393442623,4.39344262295082,14.360655737704919,0,1
553,28.0,Bobby Portis,PF,MIL,82.0,4.0,56.2,79.0,7.402439024390244,1.2682926829268293,0.8292682926829268,0.4146341463414634,1.1097560975609757,2.3048780487804876,13.78048780487805,24.48780487804878,0,1
75,31.0,Bogdan Bogdanović,SG,ATL,79.0,33.0,53.7,92.10000000000001,3.4430379746835444,3.1265822784810124,1.2151898734177216,0.3291139240506329,1.4177215189873418,2.2658227848101267,16.873417721518987,30.39240506329114,0,1
76,34.0,Bojan Bogdanović,SF-PF,TOT,57.0,27.0,55.1,78.5,2.6666666666666665,1.7017543859649122,0.5263157894736842,0.08771929824561403,1.7719298245614035,1.6666666666666667,15.228070175438596,25.92982456140351,0,1
79,24.0,Bol Bol,PF,PHO,43.0,0.0,68.89999999999999,78.9,3.186046511627907,0.3953488372093023,0.23255813953488372,0.5813953488372093,0.4418604651162791,0.9767441860465116,5.186046511627907,10.906976744186046,0,1
55,30.0,Bradley Beal,SG,PHO,53.0,53.0,58.199999999999996,81.3,4.377358490566038,5.0,0.9811320754716981,0.5094339622641509,2.4716981132075473,2.3962264150943398,18.18867924528302,33.339622641509436,0,1
542,20.0,Brandin Podziemski,SG,GSW,74.0,28.0,52.900000000000006,63.3,5.77027027027027,3.689189189189189,0.8243243243243243,0.1891891891891892,1.1891891891891893,1.6486486486486487,9.216216216216216,26.594594594594593,0,1
324,26.0,Brandon Ingram,SF,NOP,64.0,64.0,53.400000000000006,80.10000000000001,5.0625,5.671875,0.78125,0.625,2.546875,2.265625,20.8125,32.859375,1,1
457,21.0,Brandon Miller,SF,CHO,74.0,68.0,52.400000000000006,82.69999999999999,4.256756756756757,2.364864864864865,0.8918918918918919,0.5675675675675675,1.7837837837837838,2.4864864864864864,17.283783783783782,32.2027027027027,1,1
403,35.0,Brook Lopez,C,MIL,79.0,79.0,58.3,82.1,5.177215189873418,1.6075949367088607,0.5443037974683544,2.392405063291139,1.0,2.4177215189873418,12.531645569620252,30.518987341772153,1,1
100,27.0,Bruce Brown,PG-SG,TOT,67.0,44.0,52.300000000000004,82.39999999999999,4.2388059701492535,2.8656716417910446,0.8805970149253731,0.2537313432835821,1.2835820895522387,2.208955223880597,10.835820895522389,27.850746268656717,0,1
199,25.0,Bruno Fernando,C,ATL,45.0,2.0,58.3,66.7,4.288888888888889,1.0222222222222221,0.5555555555555556,0.6222222222222222,0.9777777777777777,2.3777777777777778,6.266666666666667,15.155555555555555,0,1
444,21.0,Bryce McGowens,SG,CHO,59.0,14.0,51.300000000000004,77.60000000000001,1.728813559322034,0.864406779661017,0.3559322033898305,0.1694915254237288,0.5084745762711864,1.2542372881355932,5.11864406779661,14.94915254237288,0,1
298,31.0,Buddy Hield,SF-SG,TOT,84.0,42.0,56.49999999999999,88.1,3.2023809523809526,2.8095238095238093,0.8333333333333334,0.5,1.2261904761904763,2.011904761904762,12.05952380952381,25.714285714285715,0,1
436,32.0,CJ McCollum,PG,NOP,66.0,66.0,57.199999999999996,82.69999999999999,4.333333333333333,4.621212121212121,0.9393939393939394,0.6212121212121212,1.6666666666666667,1.9090909090909092,20.03030303030303,32.71212121212121,1,1
154,22.0,Cade Cunningham,PG,DET,62.0,62.0,50.0,86.9,4.32258064516129,7.483870967741935,0.9032258064516129,0.3548387096774194,3.4193548387096775,2.467741935483871,22.661290322580644,33.45161290322581,1,1
316,21.0,Caleb Houstan,SF,ORL,59.0,13.0,56.3,80.80000000000001,1.423728813559322,0.4915254237288136,0.2542372881355932,0.06779661016949153,0.2711864406779661,1.0338983050847457,4.288135593220339,13.813559322033898,0,1
422,28.0,Caleb Martin,SF,MIA,64.0,23.0,50.4,77.8,4.390625,2.234375,0.734375,0.453125,1.203125,1.96875,10.0,27.4375,0,1
574,24.0,Cam Reddish,SF,LAL,48.0,26.0,46.800000000000004,75.9,2.0625,1.0,0.9791666666666666,0.2916666666666667,0.6458333333333334,1.3333333333333333,5.416666666666667,20.5,0,1
661,22.0,Cam Thomas,SG,BRK,66.0,51.0,50.3,85.6,3.242424242424242,2.909090909090909,0.6818181818181818,0.24242424242424243,1.878787878787879,2.090909090909091,22.454545454545453,31.439393939393938,1,1
723,19.0,Cam Whitmore,SF,HOU,47.0,2.0,53.900000000000006,67.9,3.8297872340425534,0.7021276595744681,0.6382978723404256,0.3617021276595745,0.9787234042553191,1.3617021276595744,12.319148936170214,18.72340425531915,0,1
346,27.0,Cameron Johnson,PF,BRK,58.0,47.0,55.7,78.9,4.327586206896552,2.3793103448275863,0.8448275862068966,0.25862068965517243,0.9827586206896551,1.8103448275862069,13.379310344827585,27.56896551724138,0,1
529,29.0,Cameron Payne,PG,TOT,78.0,10.0,54.1,86.6,1.5,2.628205128205128,0.5384615384615384,0.14102564102564102,0.8461538461538461,1.6153846153846154,7.410256410256411,16.71794871794872,0,1
385,29.0,Caris LeVert,SG,CLE,68.0,10.0,48.699999999999996,76.6,4.117647058823529,5.088235294117647,1.1176470588235294,0.5,1.7205882352941178,1.7794117647058822,14.0,28.794117647058822,0,1
703,20.0,Cason Wallace,SG,OKC,82.0,13.0,60.199999999999996,78.4,2.2804878048780486,1.4634146341463414,0.926829268292683,0.45121951219512196,0.5487804878048781,1.5731707317073171,6.841463414634147,20.634146341463413,0,1
526,28.0,Cedi Osman,SF,SAS,72.0,3.0,59.099999999999994,67.30000000000001,2.5,1.6527777777777777,0.5,0.1527777777777778,0.6527777777777778,1.4861111111111112,6.791666666666667,17.625,0,1
311,21.0,Chet Holmgren,C,OKC,82.0,82.0,59.8,79.3,7.902439024390244,2.4390243902439024,0.6463414634146342,2.317073170731707,1.5975609756097562,2.402439024390244,16.548780487804876,29.426829268292682,1,1
449,26.0,Chimezie Metu,C,TOT,51.0,12.0,56.10000000000001,90.60000000000001,3.803921568627451,0.9019607843137255,0.8431372549019608,0.3137254901960784,1.0196078431372548,1.392156862745098,6.509803921568627,16.84313725490196,0,1
85,31.0,Chris Boucher,PF,TOR,50.0,0.0,57.8,77.2,4.14,0.46,0.28,0.48,0.56,1.36,6.44,14.1,0,1
183,26.0,Chris Duarte,SF,SAC,59.0,11.0,48.6,78.8,1.7966101694915255,0.7457627118644068,0.4745762711864407,0.13559322033898305,0.4406779661016949,1.3559322033898304,3.8983050847457625,12.186440677966102,0,1
528,38.0,Chris Paul,PG,GSW,58.0,18.0,52.5,82.69999999999999,3.8793103448275863,6.775862068965517,1.206896551724138,0.10344827586206896,1.3103448275862069,1.8620689655172413,9.189655172413794,26.396551724137932,0,1
91,22.0,Christian Braun,SG,DEN,82.0,4.0,52.5,69.39999999999999,3.731707317073171,1.6097560975609757,0.5121951219512195,0.4268292682926829,0.6707317073170732,1.670731707317073,7.317073170731708,20.182926829268293,0,1
752,28.0,Christian Wood,PF,LAL,50.0,1.0,53.2,70.19999999999999,5.08,0.98,0.32,0.66,1.0,1.44,6.94,17.44,0,1
518,25.0,Chuma Okeke,SF,ORL,47.0,8.0,46.0,57.099999999999994,1.702127659574468,0.425531914893617,0.19148936170212766,0.14893617021276595,0.3404255319148936,0.40425531914893614,2.276595744680851,9.191489361702128,0,1
125,29.0,Clint Capela,C,ATL,73.0,73.0,57.099999999999994,63.1,10.63013698630137,1.2465753424657535,0.589041095890411,1.452054794520548,1.0136986301369864,2.2465753424657535,11.452054794520548,25.794520547945204,1,1
719,23.0,Coby White,PG,CHI,79.0,78.0,53.400000000000006,83.8,4.531645569620253,5.1265822784810124,0.6708860759493671,0.22784810126582278,2.1012658227848102,2.3544303797468356,19.10126582278481,36.46835443037975,1,1
16,23.0,Cole Anthony,PG,ORL,81.0,0.0,49.6,82.6,3.8395061728395063,2.9135802469135803,0.7901234567901234,0.4567901234567901,1.5555555555555556,2.1604938271604937,11.567901234567902,22.432098765432098,0,1
614,25.0,Collin Sexton,SG,UTA,78.0,51.0,54.900000000000006,85.9,2.628205128205128,4.910256410256411,0.7948717948717948,0.23076923076923078,2.1153846153846154,1.9743589743589745,18.692307692307693,26.602564102564102,0,1
368,24.0,Corey Kispert,SF,WAS,80.0,22.0,60.199999999999996,72.6,2.8125,1.95,0.5125,0.2,1.225,1.7625,13.375,25.8375,0,1
549,23.0,Craig Porter Jr.,PG,CLE,51.0,6.0,53.5,73.2,2.1372549019607843,2.3137254901960786,0.4117647058823529,0.29411764705882354,0.8823529411764706,0.7843137254901961,5.588235294117647,12.72549019607843,0,1
597,27.0,D'Angelo Russell,PG,LAL,76.0,69.0,56.00000000000001,82.8,3.1052631578947367,6.342105263157895,0.9078947368421053,0.47368421052631576,2.0526315789473686,2.0526315789473686,18.013157894736842,32.68421052631579,1,1
35,24.0,Dalano Banton,PG,TOT,54.0,9.0,46.300000000000004,78.3,3.2962962962962963,2.3518518518518516,0.6111111111111112,0.37037037037037035,1.4259259259259258,1.1851851851851851,10.314814814814815,19.38888888888889,0,1
657,21.0,Dalen Terry,SG,CHI,59.0,2.0,49.4,58.099999999999994,1.9152542372881356,1.3728813559322033,0.4576271186440678,0.3050847457627119,0.5423728813559322,1.3728813559322033,3.0508474576271185,11.542372881355933,0,1
392,33.0,Damian Lillard,PG,MIL,73.0,73.0,51.0,92.0,4.383561643835616,6.958904109589041,0.9863013698630136,0.2465753424657534,2.643835616438356,1.8356164383561644,24.315068493150687,35.32876712328767,1,1
223,25.0,Daniel Gafford,C-PF,TOT,74.0,66.0,72.5,67.4,7.594594594594595,1.554054054054054,0.8783783783783784,2.0675675675675675,1.0,3.0675675675675675,11.0,24.527027027027028,1,1
658,31.0,Daniel Theis,C,TOT,60.0,3.0,57.699999999999996,76.0,4.066666666666666,1.0166666666666666,0.35,0.85,0.7,2.1166666666666667,6.266666666666667,16.916666666666668,0,1
226,35.0,Danilo Gallinari,PF-SF,TOT,49.0,0.0,51.6,85.7,2.204081632653061,1.1224489795918366,0.2857142857142857,0.12244897959183673,0.46938775510204084,1.0204081632653061,5.714285714285714,12.857142857142858,0,1
198,28.0,Dante Exum,PG,DAL,55.0,17.0,62.1,77.9,2.709090909090909,2.8545454545454545,0.4,0.09090909090909091,0.8909090909090909,1.5454545454545454,7.781818181818182,19.78181818181818,0,1
604,29.0,Dario Šarić,C,GSW,64.0,9.0,56.2,84.89999999999999,4.421875,2.25,0.484375,0.15625,1.21875,1.75,8.046875,17.15625,0,1
230,24.0,Darius Garland,PG,CLE,57.0,57.0,52.400000000000006,83.39999999999999,2.6666666666666665,6.543859649122807,1.2982456140350878,0.12280701754385964,3.087719298245614,1.6666666666666667,18.035087719298247,33.35087719298246,0,1
585,22.0,David Roddy,PF,TOT,65.0,13.0,46.2,69.1,3.246153846153846,1.2307692307692308,0.4153846153846154,0.16923076923076924,0.8769230769230769,1.1076923076923078,6.538461538461538,18.107692307692307,0,1
470,25.0,Davion Mitchell,PG,SAC,72.0,4.0,54.0,71.39999999999999,1.3194444444444444,1.8611111111111112,0.2361111111111111,0.041666666666666664,0.5972222222222222,1.1805555555555556,5.263888888888889,15.291666666666666,0,1
616,22.0,Day'Ron Sharpe,C,BRK,61.0,1.0,57.8,61.0,6.377049180327869,1.3934426229508197,0.39344262295081966,0.7213114754098361,1.1475409836065573,2.1475409836065573,6.80327868852459,15.098360655737705,0,1
214,26.0,De'Aaron Fox,PG,SAC,74.0,74.0,53.400000000000006,73.8,4.594594594594595,5.648648648648648,2.027027027027027,0.4189189189189189,2.6216216216216215,2.608108108108108,26.56756756756757,35.932432432432435,1,1
320,26.0,De'Andre Hunter,SF,ATL,57.0,37.0,54.7,84.7,3.8947368421052633,1.5263157894736843,0.7017543859649122,0.2807017543859649,1.456140350877193,2.56140350877193,15.631578947368421,29.49122807017544,0,1
164,34.0,DeMar DeRozan,SF,CHI,79.0,79.0,50.7,85.3,4.30379746835443,5.329113924050633,1.139240506329114,0.569620253164557,1.7088607594936709,2.037974683544304,24.0126582278481,37.835443037974684,1,1
694,27.0,Dean Wade,PF,CLE,54.0,32.0,58.4,76.9,4.037037037037037,0.7962962962962963,0.7407407407407407,0.46296296296296297,0.37037037037037035,1.7222222222222223,5.388888888888889,20.51851851851852,0,1
22,25.0,Deandre Ayton,C,POR,55.0,55.0,57.099999999999994,82.3,11.072727272727272,1.6363636363636365,1.018181818181818,0.7636363636363637,1.8,1.981818181818182,16.727272727272727,32.43636363636364,0,1
489,27.0,Dejounte Murray,SG,ATL,78.0,78.0,52.800000000000004,79.4,5.333333333333333,6.435897435897436,1.4230769230769231,0.3076923076923077,2.576923076923077,1.7692307692307692,22.474358974358974,35.67948717948718,1,1
753,31.0,Delon Wright,PG,TOT,47.0,1.0,46.0,82.19999999999999,1.8297872340425532,2.5319148936170213,1.148936170212766,0.23404255319148937,0.2978723404255319,0.6808510638297872,4.468085106382978,15.787234042553191,0,1
21,23.0,Deni Avdija,SF,WAS,75.0,75.0,56.00000000000001,74.0,7.2,3.8133333333333335,0.8,0.48,2.1333333333333333,2.466666666666667,14.693333333333333,30.093333333333334,1,1
608,30.0,Dennis Schröder,PG,TOT,80.0,58.0,50.9,83.6,3.025,6.1,0.7875,0.2125,1.9125,2.05,14.025,31.075,1,1
632,26.0,Dennis Smith Jr.,PG,BRK,56.0,2.0,48.199999999999996,74.1,2.9285714285714284,3.625,1.2142857142857142,0.21428571428571427,1.2142857142857142,2.1607142857142856,6.589285714285714,18.910714285714285,0,1
394,19.0,Dereck Lively II,C,DAL,55.0,42.0,74.7,50.6,6.872727272727273,1.0909090909090908,0.6545454545454545,1.4,0.9090909090909091,2.618181818181818,8.781818181818181,23.527272727272727,0,1
356,26.0,Derrick Jones Jr.,SF,DAL,76.0,66.0,56.599999999999994,71.3,3.289473684210526,0.9868421052631579,0.6973684210526315,0.6710526315789473,0.8552631578947368,1.5921052631578947,8.644736842105264,23.460526315789473,1,1
721,29.0,Derrick White,SG,BOS,73.0,73.0,57.8,90.10000000000001,4.2465753424657535,5.164383561643835,1.0136986301369864,1.1917808219178083,1.5342465753424657,2.0821917808219177,15.164383561643836,32.61643835616438,1,1
34,25.0,Desmond Bane,SG,MEM,42.0,42.0,55.2,87.0,4.404761904761905,5.476190476190476,1.0238095238095237,0.5238095238095238,2.6666666666666665,2.857142857142857,23.738095238095237,34.357142857142854,0,1
83,27.0,Devin Booker,PG,PHO,68.0,68.0,55.00000000000001,88.6,4.529411764705882,6.9411764705882355,0.8970588235294118,0.4117647058823529,2.6176470588235294,3.0294117647058822,27.073529411764707,35.98529411764706,1,1
688,23.0,Devin Vassell,SG,SAS,68.0,62.0,55.00000000000001,80.10000000000001,3.838235294117647,4.073529411764706,1.0735294117647058,0.3382352941176471,1.588235294117647,1.088235294117647,19.455882352941178,33.05882352941177,1,1
99,28.0,Dillon Brooks,SF,HOU,72.0,72.0,51.5,84.39999999999999,3.4166666666666665,1.6527777777777777,0.8888888888888888,0.1388888888888889,1.2222222222222223,3.3472222222222223,12.708333333333334,30.930555555555557,1,1
599,27.0,Domantas Sabonis,C,SAC,82.0,82.0,60.9,70.39999999999999,13.658536585365853,8.207317073170731,0.9024390243902439,0.5853658536585366,3.317073170731707,3.048780487804878,19.426829268292682,35.707317073170735,1,1
471,27.0,Donovan Mitchell,SG,CLE,55.0,55.0,54.50000000000001,86.5,5.090909090909091,6.054545454545455,1.8363636363636364,0.5454545454545454,2.8,2.1454545454545455,26.6,35.30909090909091,0,1
176,27.0,Donte DiVincenzo,SG,NYK,81.0,63.0,58.4,75.4,3.6666666666666665,2.6666666666666665,1.3209876543209877,0.4444444444444444,1.3950617283950617,2.049382716049383,15.54320987654321,29.135802469135804,1,1
200,30.0,Dorian Finney-Smith,PF,BRK,68.0,56.0,53.5,71.7,4.661764705882353,1.5735294117647058,0.8235294117647058,0.5588235294117647,0.8676470588235294,2.2058823529411766,8.529411764705882,28.441176470588236,1,1
440,32.0,Doug McDermott,SF,TOT,64.0,0.0,59.9,57.9,0.921875,1.09375,0.25,0.03125,0.4375,1.0,5.484375,14.125,0,1
261,33.0,Draymond Green,PF,GSW,55.0,52.0,56.599999999999994,73.0,7.236363636363636,6.036363636363636,1.0,0.8545454545454545,2.4545454545454546,3.018181818181818,8.636363636363637,27.09090909090909,0,1
194,26.0,Drew Eubanks,C,PHO,75.0,6.0,60.699999999999996,77.4,4.293333333333333,0.84,0.36,0.8133333333333334,0.8133333333333334,1.5333333333333334,5.053333333333334,15.586666666666666,0,1
580,29.0,Duncan Robinson,SF,MIA,68.0,36.0,58.9,88.9,2.5441176470588234,2.823529411764706,0.6764705882352942,0.23529411764705882,1.3970588235294117,2.3970588235294117,12.867647058823529,28.014705882352942,0,1
572,27.0,Duop Reath,C,POR,68.0,20.0,54.900000000000006,74.2,3.676470588235294,0.9852941176470589,0.4852941176470588,0.5588235294117647,0.7647058823529411,2.3676470588235294,9.073529411764707,17.852941176470587,0,1
556,32.0,Dwight Powell,C,DAL,63.0,9.0,68.4,70.8,3.3968253968253967,1.3333333333333333,0.4126984126984127,0.31746031746031744,0.5079365079365079,1.7936507936507937,3.3015873015873014,13.26984126984127,0,1
159,20.0,Dyson Daniels,PG,NOP,61.0,16.0,51.4,64.2,3.8688524590163933,2.6885245901639343,1.3934426229508197,0.4098360655737705,0.9672131147540983,1.6557377049180328,5.80327868852459,22.262295081967213,0,1
60,31.0,Dāvis Bertāns,PF,TOT,43.0,1.0,55.60000000000001,90.9,1.4186046511627908,0.813953488372093,0.6046511627906976,0.27906976744186046,0.4186046511627907,1.302325581395349,6.744186046511628,15.674418604651162,0,1
254,35.0,Eric Gordon,SG,PHO,68.0,24.0,56.49999999999999,79.7,1.7941176470588236,2.0441176470588234,0.9705882352941176,0.4411764705882353,1.0735294117647058,1.161764705882353,11.014705882352942,27.83823529411765,0,1
525,26.0,Eugene Omoruyi,SF,WAS,43.0,0.0,52.400000000000006,65.3,1.9767441860465116,0.813953488372093,0.627906976744186,0.11627906976744186,0.4883720930232558,1.441860465116279,4.813953488372093,9.13953488372093,0,1
472,22.0,Evan Mobley,PF,CLE,50.0,50.0,60.0,71.89999999999999,9.36,3.2,0.9,1.44,1.8,2.68,15.7,30.64,0,1
695,22.0,Franz Wagner,SF,ORL,72.0,72.0,52.5,85.0,5.291666666666667,3.736111111111111,1.0555555555555556,0.3888888888888889,1.9027777777777777,2.3333333333333335,19.73611111111111,32.458333333333336,1,1
687,29.0,Fred VanVleet,PG,HOU,73.0,73.0,52.7,86.0,3.808219178082192,8.068493150684931,1.3835616438356164,0.8082191780821918,1.726027397260274,2.506849315068493,17.397260273972602,36.76712328767123,1,1
330,19.0,GG Jackson II,PF,MEM,48.0,18.0,51.9,75.2,4.083333333333333,1.2291666666666667,0.5833333333333334,0.5,1.3541666666666667,1.3333333333333333,14.5625,25.6875,0,1
428,27.0,Garrison Mathews,SG,ATL,66.0,5.0,64.4,81.0,1.393939393939394,0.5606060606060606,0.30303030303030304,0.12121212121212122,0.2878787878787879,1.7424242424242424,4.924242424242424,15.030303030303031,0,1
281,29.0,Gary Harris,SG,ORL,54.0,27.0,56.89999999999999,75.6,1.6851851851851851,1.6111111111111112,0.9074074074074074,0.25925925925925924,0.5740740740740741,1.6851851851851851,6.888888888888889,24.01851851851852,0,1
532,31.0,Gary Payton II,SG,GSW,44.0,0.0,61.7,60.9,2.5681818181818183,1.0909090909090908,0.8863636363636364,0.4090909090909091,0.6136363636363636,1.75,5.454545454545454,15.454545454545455,0,1
677,25.0,Gary Trent Jr.,SG,TOR,71.0,41.0,53.1,77.10000000000001,2.647887323943662,1.676056338028169,1.0845070422535212,0.14084507042253522,0.6619718309859155,1.352112676056338,13.71830985915493,28.08450704225352,0,1
502,30.0,Georges Niang,PF,CLE,82.0,10.0,56.699999999999996,85.0,3.3902439024390243,1.1951219512195121,0.36585365853658536,0.21951219512195122,0.8780487804878049,2.341463414634146,9.365853658536585,22.329268292682926,0,1
14,29.0,Giannis Antetokounmpo,PF,MIL,73.0,73.0,62.4,65.7,11.520547945205479,6.52054794520548,1.1917808219178083,1.082191780821918,3.4246575342465753,2.8767123287671232,30.438356164383563,35.16438356164384,1,1
67,24.0,Goga Bitadze,C,ORL,62.0,33.0,60.8,65.5,4.612903225806452,1.2741935483870968,0.5161290322580645,1.1612903225806452,0.7096774193548387,1.7258064516129032,5.016129032258065,15.435483870967742,0,1
292,33.0,Gordon Hayward,SF,TOT,51.0,28.0,51.0,74.2,3.549019607843137,3.0980392156862746,0.7843137254901961,0.2549019607843137,1.2941176470588236,1.3137254901960784,9.803921568627452,24.41176470588235,0,1
171,20.0,Gradey Dick,SG,TOR,60.0,17.0,52.400000000000006,86.3,2.2,1.1333333333333333,0.5666666666666667,0.03333333333333333,0.8333333333333334,1.45,8.5,21.133333333333333,0,1
729,25.0,Grant Williams,PF,TOT,76.0,43.0,56.00000000000001,75.7,4.184210526315789,2.289473684210526,0.5789473684210527,0.5131578947368421,1.4342105263157894,2.973684210526316,10.31578947368421,28.026315789473685,0,1
9,28.0,Grayson Allen,SG,PHO,75.0,74.0,64.9,87.8,3.933333333333333,3.026666666666667,0.92,0.6,1.2666666666666666,2.0933333333333333,13.52,33.50666666666667,1,1
39,31.0,Harrison Barnes,PF,SAC,82.0,82.0,57.599999999999994,80.10000000000001,3.0365853658536586,1.2073170731707317,0.6585365853658537,0.14634146341463414,0.7073170731707317,1.1951219512195121,12.195121951219512,29.036585365853657,1,1
301,27.0,Haywood Highsmith,PF,MIA,66.0,26.0,58.099999999999994,63.9,3.1818181818181817,1.0606060606060606,0.803030303030303,0.45454545454545453,0.5151515151515151,1.7727272727272727,6.136363636363637,20.696969696969695,0,1
357,25.0,Herbert Jones,SF,NOP,76.0,76.0,59.5,86.7,3.5789473684210527,2.6184210526315788,1.381578947368421,0.8157894736842105,1.2236842105263157,2.9473684210526314,11.013157894736842,30.539473684210527,1,1
565,24.0,Immanuel Quickley,PG-SG,TOT,68.0,38.0,53.0,85.3,3.8088235294117645,4.867647058823529,0.7352941176470589,0.14705882352941177,1.4852941176470589,1.75,17.0,29.191176470588236,0,1
521,23.0,Isaac Okoro,SF,CLE,69.0,42.0,57.699999999999996,67.9,2.9855072463768115,1.9130434782608696,0.8260869565217391,0.4927536231884058,0.782608695652174,2.028985507246377,9.376811594202898,27.347826086956523,0,1
287,25.0,Isaiah Hartenstein,C,NYK,75.0,49.0,64.5,70.7,8.346666666666666,2.506666666666667,1.16,1.1333333333333333,1.24,2.8,7.76,25.28,0,1
331,22.0,Isaiah Jackson,C,IND,59.0,3.0,66.5,71.6,4.033898305084746,0.847457627118644,0.576271186440678,1.0338983050847457,0.6610169491525424,2.3220338983050848,6.491525423728813,13.067796610169491,0,1
345,24.0,Isaiah Joe,SG,OKC,78.0,1.0,60.9,86.5,2.3076923076923075,1.2692307692307692,0.5897435897435898,0.28205128205128205,0.6025641025641025,1.1153846153846154,8.153846153846153,18.525641025641026,0,1
648,22.0,Isaiah Stewart,PF,DET,46.0,45.0,57.49999999999999,75.3,6.630434782608695,1.5869565217391304,0.3695652173913043,0.8260869565217391,1.434782608695652,2.152173913043478,10.934782608695652,30.934782608695652,0,1
634,35.0,Ish Smith,PG,CHO,43.0,5.0,43.0,75.0,1.7674418604651163,3.372093023255814,0.3953488372093023,0.09302325581395349,1.0930232558139534,1.1395348837209303,3.2325581395348837,17.232558139534884,0,1
762,26.0,Ivica Zubac,C,LAC,68.0,68.0,64.9,72.3,9.205882352941176,1.3676470588235294,0.3235294117647059,1.2205882352941178,1.161764705882353,2.6470588235294117,11.676470588235293,26.38235294117647,1,1
667,21.0,JT Thor,PF,CHO,63.0,3.0,51.4,55.00000000000001,2.3174603174603177,0.4603174603174603,0.1746031746031746,0.42857142857142855,0.23809523809523808,0.9523809523809523,3.1587301587301586,12.396825396825397,0,1
635,20.0,Jabari Smith Jr.,PF,HOU,76.0,76.0,53.7,81.10000000000001,8.105263157894736,1.5921052631578947,0.6842105263157895,0.8026315789473685,1.1710526315789473,2.6315789473684212,13.736842105263158,31.894736842105264,1,1
700,21.0,Jabari Walker,SF,POR,72.0,23.0,50.0,75.4,7.055555555555555,0.9861111111111112,0.5833333333333334,0.3055555555555556,0.9166666666666666,2.4027777777777777,8.86111111111111,23.61111111111111,0,1
246,25.0,Jacob Gilyard,PG,TOT,41.0,14.0,56.99999999999999,100.0,1.1219512195121952,3.341463414634146,0.8048780487804879,0.12195121951219512,0.7317073170731707,0.9512195121951219,4.219512195121951,17.048780487804876,0,1
278,21.0,Jaden Hardy,SG,DAL,73.0,7.0,49.2,77.60000000000001,1.7945205479452055,1.4931506849315068,0.3013698630136986,0.0547945205479452,0.8493150684931506,1.095890410958904,7.260273972602739,13.547945205479452,0,1
328,21.0,Jaden Ivey,SG,DET,77.0,61.0,49.2,74.9,3.4285714285714284,3.844155844155844,0.7402597402597403,0.5324675324675324,2.4675324675324677,2.6493506493506493,15.38961038961039,28.792207792207794,1,1
438,23.0,Jaden McDaniels,SF,MIN,72.0,71.0,55.7,72.2,3.111111111111111,1.4027777777777777,0.875,0.5833333333333334,1.2083333333333333,3.0416666666666665,10.51388888888889,29.23611111111111,1,1
642,21.0,Jaden Springer,SG-PG,TOT,49.0,2.0,43.2,83.3,1.5918367346938775,0.8979591836734694,0.7346938775510204,0.30612244897959184,0.6938775510204082,1.346938775510204,3.326530612244898,10.346938775510203,0,1
152,33.0,Jae Crowder,PF,MIL,50.0,25.0,53.0,72.2,3.22,1.32,0.76,0.18,0.46,1.48,6.24,23.12,0,1
653,28.0,Jae'Sean Tate,SF,HOU,65.0,9.0,52.2,66.7,3.0307692307692307,0.9846153846153847,0.6461538461538462,0.23076923076923078,0.5692307692307692,2.1076923076923078,4.076923076923077,15.861538461538462,0,1
338,22.0,Jaime Jaquez Jr.,SF,MIA,75.0,20.0,53.6,81.10000000000001,3.8,2.6,1.0266666666666666,0.26666666666666666,1.4666666666666666,2.2266666666666666,11.853333333333333,28.173333333333332,0,1
544,28.0,Jakob Poeltl,C,TOR,50.0,50.0,65.60000000000001,55.1,8.58,2.54,0.7,1.52,1.54,2.98,11.1,26.38,0,1
112,27.0,Jalen Brunson,PG,NYK,77.0,77.0,54.300000000000004,84.7,3.6103896103896105,6.740259740259741,0.9090909090909091,0.16883116883116883,2.4155844155844157,1.87012987012987,28.727272727272727,35.4025974025974,1,1
187,20.0,Jalen Duren,C,DET,61.0,60.0,61.9,79.0,11.62295081967213,2.4098360655737703,0.5409836065573771,0.7704918032786885,2.1147540983606556,3.1475409836065573,13.78688524590164,29.131147540983605,1,1
262,21.0,Jalen Green,SG,HOU,82.0,82.0,49.8,80.4,5.158536585365853,3.548780487804878,0.8048780487804879,0.34146341463414637,2.3292682926829267,1.4024390243902438,19.634146341463413,31.71951219512195,1,1
347,22.0,Jalen Johnson,SF,ATL,56.0,52.0,56.2,72.8,8.714285714285714,3.625,1.1964285714285714,0.8392857142857143,1.8035714285714286,2.375,16.0,33.732142857142854,0,1
439,26.0,Jalen McDaniels,SF,TOR,50.0,1.0,37.6,73.0,1.58,0.74,0.38,0.12,0.6,1.04,3.38,10.76,0,1
636,23.0,Jalen Smith,C,IND,61.0,14.0,67.0,69.19999999999999,5.524590163934426,1.0327868852459017,0.2786885245901639,0.6229508196721312,0.7213114754098361,2.0327868852459017,9.852459016393443,17.16393442622951,0,1
651,22.0,Jalen Suggs,SG,ORL,75.0,75.0,57.8,75.6,3.0533333333333332,2.7333333333333334,1.4133333333333333,0.6266666666666667,1.76,2.7333333333333334,12.573333333333334,27.0,1,1
732,22.0,Jalen Williams,PF,OKC,71.0,71.0,59.199999999999996,81.39999999999999,3.971830985915493,4.535211267605634,1.1267605633802817,0.6338028169014085,1.732394366197183,2.464788732394366,19.08450704225352,31.309859154929576,1,1
745,23.0,Jalen Wilson,PF,BRK,43.0,3.0,49.2,82.6,3.046511627906977,1.0465116279069768,0.2558139534883721,0.09302325581395349,0.4418604651162791,1.1162790697674418,4.976744186046512,15.44186046511628,0,1
490,26.0,Jamal Murray,PG,DEN,59.0,59.0,55.400000000000006,85.3,4.101694915254237,6.508474576271187,0.9661016949152542,0.6610169491525424,2.1186440677966103,1.7627118644067796,21.1864406779661,31.54237288135593,0,1
277,34.0,James Harden,PG,LAC,72.0,72.0,54.1,87.8,5.125,8.527777777777779,1.0694444444444444,0.7916666666666666,2.5694444444444446,1.7638888888888888,16.555555555555557,34.30555555555556,1,1
750,22.0,James Wiseman,C,DET,63.0,6.0,61.3,70.6,5.333333333333333,0.8571428571428571,0.19047619047619047,0.6190476190476191,1.0476190476190477,2.238095238095238,7.079365079365079,17.317460317460316,0,1
332,24.0,Jaren Jackson Jr.,C,MEM,66.0,66.0,49.4,80.80000000000001,5.53030303030303,2.3333333333333335,1.2121212121212122,1.606060606060606,2.4242424242424243,3.5606060606060606,22.515151515151516,32.18181818181818,1,1
10,25.0,Jarrett Allen,C,CLE,77.0,77.0,63.4,74.2,10.532467532467532,2.727272727272727,0.6883116883116883,1.051948051948052,1.5714285714285714,1.9090909090909092,16.506493506493506,31.714285714285715,1,1
290,23.0,Jaxson Hayes,C,LAL,70.0,5.0,72.0,62.2,3.0142857142857142,0.4714285714285714,0.4857142857142857,0.4142857142857143,0.6142857142857143,1.7571428571428571,4.328571428571428,12.528571428571428,0,1
105,27.0,Jaylen Brown,SF,BOS,70.0,70.0,55.7,70.3,5.5285714285714285,3.557142857142857,1.1857142857142857,0.5285714285714286,2.3714285714285714,2.642857142857143,23.0,33.47142857142857,1,1
733,21.0,Jaylin Williams,C,OKC,69.0,1.0,53.300000000000004,80.5,3.391304347826087,1.5942028985507246,0.4057971014492754,0.391304347826087,0.4927536231884058,1.4202898550724639,4.0,13.0,0,1
654,25.0,Jayson Tatum,PF,BOS,74.0,74.0,55.2,83.3,8.121621621621621,4.918918918918919,1.0135135135135136,0.581081081081081,2.5405405405405403,1.9594594594594594,26.85135135135135,35.74324324324324,1,1
264,37.0,Jeff Green,PF,HOU,78.0,6.0,52.900000000000006,81.89999999999999,2.282051282051282,0.8974358974358975,0.20512820512820512,0.3974358974358974,0.5897435897435898,1.2820512820512822,6.5256410256410255,16.756410256410255,0,1
257,29.0,Jerami Grant,PF,POR,54.0,54.0,51.6,81.69999999999999,3.537037037037037,2.814814814814815,0.8333333333333334,0.6296296296296297,2.1481481481481484,2.1666666666666665,20.962962962962962,33.888888888888886,0,1
639,20.0,Jeremy Sochan,PF,SAS,74.0,73.0,48.3,77.10000000000001,6.4324324324324325,3.364864864864865,0.8378378378378378,0.5405405405405406,1.8918918918918919,2.27027027027027,11.635135135135135,29.635135135135137,1,1
627,25.0,Jericho Sims,C,NYK,45.0,11.0,69.1,66.7,3.2666666666666666,0.5555555555555556,0.17777777777777778,0.4222222222222222,0.35555555555555557,1.0,2.0444444444444443,13.0,0,1
126,28.0,Jevon Carter,PG,CHI,72.0,0.0,48.4,57.099999999999994,0.8333333333333334,1.3055555555555556,0.5138888888888888,0.2222222222222222,0.5,0.9861111111111112,4.958333333333333,13.944444444444445,0,1
121,34.0,Jimmy Butler,PF,MIA,60.0,60.0,53.7,85.8,5.3,4.966666666666667,1.3166666666666667,0.2833333333333333,1.7,1.1333333333333333,20.766666666666666,34.03333333333333,0,1
378,28.0,Jock Landale,C,HOU,56.0,3.0,53.900000000000006,80.0,3.0714285714285716,1.1607142857142858,0.35714285714285715,0.5892857142857143,0.5535714285714286,1.3214285714285714,4.892857142857143,13.625,0,1
323,36.0,Joe Ingles,SF,ORL,68.0,0.0,59.0,82.39999999999999,2.088235294117647,2.985294117647059,0.6323529411764706,0.07352941176470588,0.9852941176470589,1.2941176470588236,4.352941176470588,17.191176470588236,0,1
142,26.0,John Collins,PF,UTA,68.0,66.0,59.0,79.5,8.455882352941176,1.1323529411764706,0.5882352941176471,0.8970588235294118,1.4411764705882353,2.8088235294117645,15.102941176470589,27.955882352941178,1,1
372,27.0,John Konchar,SF,MEM,55.0,23.0,51.4,84.0,4.672727272727273,2.0,0.9272727272727272,0.9272727272727272,0.8363636363636363,1.3818181818181818,4.2727272727272725,21.327272727272728,0,1
161,21.0,Johnny Davis,SG,WAS,50.0,6.0,44.800000000000004,58.3,1.44,0.64,0.36,0.2,0.26,1.14,3.04,12.26,0,1
685,31.0,Jonas Valančiūnas,C,NOP,82.0,82.0,58.5,78.5,8.792682926829269,2.1097560975609757,0.3902439024390244,0.8292682926829268,1.353658536585366,2.658536585365854,12.21951219512195,23.475609756097562,1,1
326,26.0,Jonathan Isaac,PF,ORL,58.0,2.0,58.4,72.0,4.482758620689655,0.5172413793103449,0.7413793103448276,1.206896551724138,0.46551724137931033,1.103448275862069,6.775862068965517,15.758620689655173,0,1
376,21.0,Jonathan Kuminga,PF,GSW,74.0,46.0,56.00000000000001,74.6,4.797297297297297,2.2027027027027026,0.7432432432432432,0.4864864864864865,1.6486486486486487,2.2837837837837838,16.054054054054053,26.33783783783784,0,1
137,31.0,Jordan Clarkson,SG,UTA,55.0,19.0,46.9,88.1,3.418181818181818,5.036363636363636,0.6363636363636364,0.10909090909090909,2.6545454545454548,1.4727272727272727,17.12727272727273,30.581818181818182,0,1
250,25.0,Jordan Goodwin,PG,TOT,57.0,12.0,42.4,74.6,4.43859649122807,2.719298245614035,0.8421052631578947,0.3157894736842105,0.9824561403508771,1.3333333333333333,6.456140350877193,18.50877192982456,0,1
289,21.0,Jordan Hawkins,SG,NOP,67.0,10.0,50.1,83.8,2.208955223880597,1.044776119402985,0.2835820895522388,0.1044776119402985,0.5970149253731343,1.0746268656716418,7.82089552238806,17.313432835820894,0,1
445,27.0,Jordan McLaughlin,PG,MIN,56.0,0.0,62.8,72.2,1.2857142857142858,1.9642857142857142,0.625,0.125,0.3392857142857143,0.5535714285714286,3.482142857142857,11.178571428571429,0,1
511,25.0,Jordan Nwora,SF,TOT,52.0,1.0,53.5,83.0,2.8653846153846154,1.1923076923076923,0.5,0.25,1.0192307692307692,0.9230769230769231,7.0,13.692307692307692,0,1
548,24.0,Jordan Poole,SG,WAS,78.0,66.0,49.1,87.7,2.717948717948718,4.397435897435898,1.1025641025641026,0.32051282051282054,2.41025641025641,3.128205128205128,17.384615384615383,30.076923076923077,1,1
12,25.0,Jose Alvarado,PG,NOP,56.0,0.0,52.5,67.30000000000001,2.2857142857142856,2.0892857142857144,1.0535714285714286,0.26785714285714285,0.7142857142857143,1.5892857142857142,7.089285714285714,18.357142857142858,0,1
239,21.0,Josh Giddey,SG,OKC,80.0,80.0,52.300000000000004,80.60000000000001,6.425,4.825,0.6375,0.55,2.1,1.3875,12.325,25.1375,1,1
265,23.0,Josh Green,SG,DAL,57.0,33.0,57.49999999999999,68.4,3.2280701754385963,2.280701754385965,0.8245614035087719,0.15789473684210525,1.0526315789473684,1.8771929824561404,8.228070175438596,26.403508771929825,0,1
286,28.0,Josh Hart,SF,NYK,81.0,42.0,49.3,79.10000000000001,8.333333333333334,4.08641975308642,0.9259259259259259,0.2839506172839506,1.4567901234567902,2.111111111111111,9.395061728395062,33.41975308641975,0,1
519,25.0,Josh Okogie,SG,PHO,60.0,11.0,48.8,74.5,2.566666666666667,1.0666666666666667,0.8,0.4,0.6,1.1333333333333333,4.616666666666666,16.0,0,1
579,30.0,Josh Richardson,SG,MIA,43.0,6.0,53.900000000000006,94.39999999999999,2.813953488372093,2.441860465116279,0.5581395348837209,0.32558139534883723,0.8372093023255814,1.7674418604651163,9.883720930232558,25.651162790697676,0,1
306,33.0,Jrue Holiday,PG,BOS,69.0,69.0,58.099999999999994,83.3,5.405797101449275,4.826086956521739,0.8840579710144928,0.7681159420289855,1.7971014492753623,1.565217391304348,12.46376811594203,32.79710144927536,1,1
132,22.0,Julian Champagnie,SF,SAS,74.0,59.0,53.400000000000006,81.5,2.7837837837837838,1.3918918918918919,0.6486486486486487,0.5675675675675675,0.7702702702702703,1.0405405405405406,6.8108108108108105,19.83783783783784,1,1
649,21.0,Julian Strawther,SF,DEN,50.0,0.0,46.2,71.0,1.22,0.94,0.34,0.14,0.46,1.08,4.54,10.9,0,1
571,29.0,Julius Randle,PF,NYK,46.0,46.0,51.800000000000004,78.10000000000001,9.195652173913043,4.978260869565218,0.5434782608695652,0.2608695652173913,3.4565217391304346,2.717391304347826,23.956521739130434,35.43478260869565,0,1
307,34.0,Justin Holiday,SG,DEN,58.0,9.0,59.5,75.0,1.2241379310344827,1.1551724137931034,0.6206896551724138,0.15517241379310345,0.2413793103448276,1.1896551724137931,4.0344827586206895,14.862068965517242,0,1
510,29.0,Jusuf Nurkić,C,PHO,76.0,76.0,52.800000000000004,64.0,11.013157894736842,3.960526315789474,1.0657894736842106,1.0526315789473684,2.3026315789473686,3.3421052631578947,10.907894736842104,27.342105263157894,1,1
424,23.0,KJ Martin,SF,TOT,60.0,2.0,55.800000000000004,53.7,2.183333333333333,0.85,0.36666666666666664,0.2,0.5333333333333333,1.6666666666666667,3.7333333333333334,12.433333333333334,0,1
676,28.0,Karl-Anthony Towns,PF,MIN,62.0,62.0,57.49999999999999,87.3,8.306451612903226,3.0483870967741935,0.6935483870967742,0.6612903225806451,2.8548387096774195,3.2903225806451615,21.758064516129032,32.67741935483871,1,1
384,32.0,Kawhi Leonard,SF,LAC,68.0,68.0,58.5,88.5,6.117647058823529,3.588235294117647,1.6323529411764706,0.8676470588235294,1.75,1.4264705882352942,23.720588235294116,34.26470588235294,1,1
491,23.0,Keegan Murray,SF,SAC,77.0,77.0,54.800000000000004,83.1,5.454545454545454,1.6753246753246753,1.025974025974026,0.7662337662337663,0.8311688311688312,2.6623376623376624,15.220779220779221,33.61038961038961,1,1
46,28.0,Keita Bates-Diop,SF,TOT,53.0,8.0,49.7,76.2,2.0754716981132075,0.7169811320754716,0.4716981132075472,0.41509433962264153,0.2830188679245283,0.660377358490566,3.7169811320754715,12.547169811320755,0,1
349,24.0,Keldon Johnson,SF,SAS,69.0,27.0,52.7,79.2,5.463768115942029,2.8260869565217392,0.7391304347826086,0.2898550724637681,1.4492753623188406,2.1594202898550723,15.710144927536232,29.536231884057973,0,1
522,32.0,Kelly Olynyk,C,TOT,78.0,27.0,61.6,83.3,5.269230769230769,4.448717948717949,0.9487179487179487,0.38461538461538464,1.9487179487179487,2.948717948717949,9.76923076923077,22.55128205128205,0,1
527,28.0,Kelly Oubre Jr.,SF,PHI,68.0,52.0,49.8,75.0,5.014705882352941,1.4852941176470589,1.1323529411764706,0.6911764705882353,1.2794117647058822,2.8529411764705883,15.426470588235293,30.220588235294116,1,1
735,29.0,Kenrich Williams,PF,OKC,69.0,1.0,56.8,50.0,3.028985507246377,1.3478260869565217,0.5507246376811594,0.13043478260869565,0.463768115942029,1.463768115942029,4.7101449275362315,14.91304347826087,0,1
123,30.0,Kentavious Caldwell-Pope,SG,DEN,76.0,76.0,56.599999999999994,89.4,2.4078947368421053,2.4078947368421053,1.2894736842105263,0.5526315789473685,0.9868421052631579,1.986842105263158,10.078947368421053,31.605263157894736,1,1
192,24.0,Keon Ellis,SG,SAC,57.0,21.0,61.199999999999996,74.3,2.175438596491228,1.4912280701754386,0.8947368421052632,0.5087719298245614,0.6491228070175439,1.9649122807017543,5.43859649122807,17.157894736842106,0,1
186,35.0,Kevin Durant,PF,PHO,75.0,75.0,58.099999999999994,85.6,6.6,5.04,0.92,1.2133333333333334,3.2533333333333334,1.7733333333333334,27.093333333333334,37.21333333333333,1,1
318,25.0,Kevin Huerter,SG,SAC,64.0,59.0,55.300000000000004,76.6,3.5,2.59375,0.703125,0.359375,0.828125,2.109375,10.234375,24.40625,1,1
405,35.0,Kevin Love,PF,MIA,55.0,5.0,55.7,78.7,6.1454545454545455,2.090909090909091,0.32727272727272727,0.18181818181818182,0.8727272727272727,1.7636363636363637,8.818181818181818,16.8,0,1
402,27.0,Kevon Looney,C,GSW,74.0,36.0,59.699999999999996,67.5,5.662162162162162,1.7972972972972974,0.3783783783783784,0.3918918918918919,0.6756756756756757,2.0945945945945947,4.513513513513513,16.14864864864865,0,1
234,20.0,Keyonte George,PG,UTA,75.0,44.0,48.199999999999996,84.8,2.8133333333333335,4.426666666666667,0.48,0.09333333333333334,2.506666666666667,1.2133333333333334,12.986666666666666,26.973333333333333,0,1
455,32.0,Khris Middleton,SF,MIL,55.0,55.0,56.599999999999994,83.3,4.672727272727273,5.3090909090909095,0.9272727272727272,0.2727272727272727,2.309090909090909,2.5636363636363635,15.054545454545455,27.036363636363635,0,1
291,22.0,Killian Hayes,PG,DET,42.0,31.0,45.2,66.0,2.8333333333333335,4.880952380952381,0.8571428571428571,0.47619047619047616,1.2142857142857142,1.7857142857142858,6.880952380952381,24.0,0,1
665,33.0,Klay Thompson,SF,GSW,77.0,63.0,55.1,92.7,3.2987012987012987,2.2857142857142856,0.6493506493506493,0.45454545454545453,1.5194805194805194,1.6493506493506493,17.857142857142858,29.662337662337663,1,1
107,24.0,Kobe Brown,PF,LAC,44.0,0.0,48.9,50.0,1.4090909090909092,0.5681818181818182,0.2727272727272727,0.13636363636363635,0.20454545454545456,1.1136363636363635,2.022727272727273,8.954545454545455,0,1
185,29.0,Kris Dunn,PG,UTA,66.0,32.0,53.5,68.8,2.8636363636363638,3.8484848484848486,1.0303030303030303,0.42424242424242425,1.196969696969697,2.0454545454545454,5.409090909090909,18.924242424242426,0,1
492,23.0,Kris Murray,SF,POR,62.0,29.0,46.300000000000004,66.10000000000001,3.6129032258064515,1.2903225806451613,0.8548387096774194,0.3387096774193548,0.8870967741935484,1.4838709677419355,6.064516129032258,21.741935483870968,0,1
554,28.0,Kristaps Porziņģis,C,BOS,57.0,57.0,58.9,85.8,7.175438596491228,2.017543859649123,0.7368421052631579,1.9473684210526316,1.5614035087719298,2.736842105263158,20.087719298245613,29.649122807017545,0,1
13,30.0,Kyle Anderson,PF,MIN,79.0,10.0,47.199999999999996,70.8,3.4556962025316458,4.189873417721519,0.8987341772151899,0.5949367088607594,1.1518987341772151,1.620253164556962,6.405063291139241,22.556962025316455,0,1
377,28.0,Kyle Kuzma,PF,WAS,70.0,70.0,52.1,77.5,6.628571428571429,4.228571428571429,0.5285714285714286,0.7,2.742857142857143,2.1857142857142855,22.185714285714287,32.58571428571429,1,1
406,37.0,Kyle Lowry,PG,TOT,60.0,55.0,56.2,84.0,3.2333333333333334,4.216666666666667,0.9833333333333333,0.35,1.4166666666666667,2.433333333333333,8.116666666666667,28.166666666666668,0,1
325,31.0,Kyrie Irving,SG,DAL,58.0,58.0,57.3,90.5,5.0,5.155172413793103,1.2758620689655173,0.4827586206896552,1.8275862068965518,1.9310344827586208,25.637931034482758,35.0,0,1
615,26.0,Landry Shamet,SG,WAS,46.0,5.0,52.7,82.6,1.3478260869565217,1.173913043478261,0.5434782608695652,0.21739130434782608,0.6521739130434783,1.6521739130434783,7.108695652173913,15.782608695652174,0,1
498,31.0,Larry Nance Jr.,C,NOP,61.0,0.0,62.9,77.0,5.032786885245901,1.8524590163934427,1.0,0.3114754098360656,0.8032786885245902,1.6065573770491803,5.737704918032787,19.934426229508198,0,1
420,26.0,Lauri Markkanen,PF,UTA,55.0,55.0,57.8,89.9,8.163636363636364,2.0,0.9090909090909091,0.4727272727272727,1.4,1.8181818181818181,23.236363636363638,33.09090909090909,0,1
337,39.0,LeBron James,PF,LAL,71.0,71.0,59.9,75.0,7.295774647887324,8.295774647887324,1.2535211267605635,0.5352112676056338,3.4507042253521125,1.0985915492957747,25.661971830985916,35.267605633802816,1,1
702,25.0,Lonnie Walker IV,SG,BRK,58.0,0.0,52.800000000000004,76.3,2.189655172413793,1.2758620689655173,0.5517241379310345,0.3448275862068966,0.8793103448275862,1.2241379310344827,9.741379310344827,17.43103448275862,0,1
178,24.0,Luguentz Dort,SF,OKC,79.0,79.0,55.7,82.6,3.5949367088607596,1.4303797468354431,0.9113924050632911,0.5949367088607594,0.9367088607594937,2.8860759493670884,10.886075949367088,28.430379746835442,1,1
177,24.0,Luka Dončić,PG,DAL,70.0,70.0,57.3,78.60000000000001,9.242857142857142,9.8,1.4142857142857144,0.5428571428571428,4.0285714285714285,2.1285714285714286,33.857142857142854,37.48571428571429,1,1
600,24.0,Luka Šamanić,PF,UTA,43.0,7.0,42.1,78.60000000000001,2.372093023255814,0.4418604651162791,0.11627906976744186,0.16279069767441862,0.6511627906976745,0.7441860465116279,4.116279069767442,9.395348837209303,0,1
374,28.0,Luke Kornet,C,BOS,63.0,7.0,70.19999999999999,90.7,4.142857142857143,1.0634920634920635,0.36507936507936506,0.9682539682539683,0.3333333333333333,1.2222222222222223,5.301587301587301,15.603174603174603,0,1
202,25.0,Malachi Flynn,PG,TOT,69.0,0.0,50.5,73.2,1.6521739130434783,1.8840579710144927,0.5507246376811594,0.11594202898550725,0.9130434782608695,0.9565217391304348,5.507246376811594,12.695652173913043,0,1
90,20.0,Malaki Branham,PG,SAS,75.0,29.0,50.6,87.3,1.9733333333333334,2.08,0.36,0.10666666666666667,1.2133333333333334,1.2533333333333334,9.2,21.253333333333334,0,1
56,27.0,Malik Beasley,SG,MIL,79.0,77.0,59.8,71.39999999999999,3.670886075949367,1.3670886075949367,0.7468354430379747,0.11392405063291139,0.6835443037974683,2.0,11.253164556962025,29.582278481012658,1,1
474,25.0,Malik Monk,SG,SAC,72.0,0.0,52.6,82.89999999999999,2.9444444444444446,5.138888888888889,0.625,0.5416666666666666,2.0833333333333335,2.1666666666666665,15.416666666666666,26.0,0,1
57,23.0,MarJon Beauchamp,SF,MIL,48.0,1.0,57.8,67.9,2.0625,0.6458333333333334,0.2708333333333333,0.14583333333333334,0.5625,1.125,4.395833333333333,12.666666666666666,0,1
480,34.0,Marcus Morris,PF,TOT,49.0,7.0,53.0,81.8,2.7346938775510203,0.7346938775510204,0.30612244897959184,0.2653061224489796,0.6122448979591837,1.510204081632653,6.448979591836735,16.6734693877551,0,1
606,23.0,Marcus Sasser,PG,DET,71.0,11.0,51.6,87.9,1.7605633802816902,3.323943661971831,0.6197183098591549,0.16901408450704225,1.267605633802817,1.4507042253521127,8.253521126760564,19.028169014084508,0,1
219,25.0,Markelle Fultz,PG,ORL,43.0,18.0,47.9,69.69999999999999,3.2093023255813953,2.7906976744186047,0.9767441860465116,0.3488372093023256,1.1627906976744187,1.5116279069767442,7.790697674418604,21.162790697674417,0,1
25,24.0,Marvin Bagley III,C,TOT,50.0,25.0,59.699999999999996,76.2,6.24,1.1,0.4,0.66,1.18,1.62,11.66,21.06,0,1
541,33.0,Mason Plumlee,C,LAC,46.0,11.0,56.89999999999999,70.7,5.086956521739131,1.1956521739130435,0.30434782608695654,0.3695652173913043,0.782608695652174,1.4782608695652173,5.304347826086956,14.652173913043478,0,1
669,26.0,Matisse Thybulle,SF,POR,65.0,19.0,52.400000000000006,75.9,2.0923076923076924,1.3846153846153846,1.7384615384615385,0.7538461538461538,0.6153846153846154,1.4307692307692308,5.446153846153846,22.876923076923077,0,1
134,20.0,Max Christie,SG,LAL,67.0,7.0,51.5,78.3,2.1194029850746268,0.8955223880597015,0.29850746268656714,0.2537313432835821,0.5223880597014925,0.8507462686567164,4.2388059701492535,14.08955223880597,0,1
650,27.0,Max Strus,SF,CLE,70.0,70.0,53.300000000000004,79.4,4.828571428571428,4.042857142857143,0.9142857142857143,0.4142857142857143,1.6,2.4285714285714284,12.185714285714285,31.985714285714284,1,1
369,32.0,Maxi Kleber,C,DAL,43.0,7.0,54.1,70.19999999999999,3.3255813953488373,1.5813953488372092,0.3953488372093023,0.6976744186046512,0.6511627906976745,1.8372093023255813,4.441860465116279,20.25581395348837,0,1
551,25.0,Michael Porter Jr.,SF,DEN,81.0,81.0,58.599999999999994,83.6,6.9753086419753085,1.5061728395061729,0.5185185185185185,0.654320987654321,1.1358024691358024,1.8271604938271604,16.74074074074074,31.666666666666668,1,1
93,27.0,Mikal Bridges,SF,BRK,82.0,82.0,52.1,81.39999999999999,4.536585365853658,3.6463414634146343,0.9878048780487805,0.36585365853658536,2.0,1.4146341463414633,19.585365853658537,34.80487804878049,1,1
144,36.0,Mike Conley,PG,MIN,76.0,76.0,59.5,91.10000000000001,2.8684210526315788,5.907894736842105,1.1578947368421053,0.2236842105263158,1.3421052631578947,1.6842105263157894,11.43421052631579,28.855263157894736,1,1
493,32.0,Mike Muscala,C,TOT,53.0,6.0,44.9,68.0,2.358490566037736,0.6792452830188679,0.16981132075471697,0.24528301886792453,0.41509433962264153,0.9811320754716981,2.9622641509433962,11.320754716981131,0,1
94,25.0,Miles Bridges,SF,CHO,69.0,67.0,52.7,82.5,7.318840579710145,3.347826086956522,0.9420289855072463,0.4782608695652174,2.0,1.710144927536232,21.0,37.405797101449274,1,1
435,23.0,Miles McBride,PG,NYK,68.0,14.0,57.199999999999996,86.0,1.4705882352941178,1.6764705882352942,0.7352941176470589,0.10294117647058823,0.4411764705882353,1.588235294117647,8.264705882352942,19.529411764705884,0,1
32,25.0,Mo Bamba,C,PHI,57.0,17.0,55.300000000000004,68.0,4.175438596491228,0.7192982456140351,0.38596491228070173,1.0526315789473684,0.6842105263157895,1.7719298245614035,4.43859649122807,12.982456140350877,0,1
696,26.0,Moritz Wagner,C,ORL,80.0,1.0,63.6,81.39999999999999,4.3375,1.2,0.4875,0.2625,1.2125,2.0,10.85,17.6875,0,1
475,21.0,Moses Moody,SG,GSW,66.0,9.0,54.800000000000004,78.5,2.9696969696969697,0.8636363636363636,0.6363636363636364,0.36363636363636365,0.6666666666666666,1.3636363636363635,8.075757575757576,17.515151515151516,0,1
682,27.0,Myles Turner,C,IND,77.0,77.0,58.699999999999996,77.3,6.922077922077922,1.2987012987012987,0.5064935064935064,1.87012987012987,1.4155844155844155,3.012987012987013,17.051948051948052,26.961038961038962,1,1
421,26.0,Naji Marshall,SF,NOP,66.0,1.0,54.2,79.10000000000001,3.6363636363636362,1.9393939393939394,0.7424242424242424,0.18181818181818182,0.9848484848484849,1.378787878787879,7.0606060606060606,19.045454545454547,0,1
393,23.0,Nassir Little,SF,PHO,45.0,2.0,54.400000000000006,85.0,1.6666666666666667,0.4666666666666667,0.2222222222222222,0.2222222222222222,0.3111111111111111,0.8666666666666667,3.3777777777777778,10.177777777777777,0,1
576,24.0,Naz Reid,C,MIN,81.0,14.0,57.599999999999994,73.6,5.222222222222222,1.308641975308642,0.7777777777777778,0.9012345679012346,1.3703703703703705,2.123456790123457,13.45679012345679,24.246913580246915,0,1
138,24.0,Nic Claxton,C,BRK,71.0,71.0,63.0,55.1,9.943661971830986,2.0704225352112675,0.647887323943662,2.056338028169014,1.3098591549295775,2.464788732394366,11.845070422535212,29.802816901408452,1,1
578,26.0,Nick Richards,C,CHO,67.0,51.0,69.1,73.7,8.044776119402986,0.8059701492537313,0.3880597014925373,1.1044776119402986,1.0895522388059702,2.626865671641791,9.73134328358209,26.253731343283583,1,1
637,19.0,Nick Smith Jr.,SG,CHO,51.0,0.0,50.0,86.7,1.411764705882353,1.1568627450980393,0.19607843137254902,0.13725490196078433,0.7647058823529411,1.0784313725490196,5.921568627450981,14.294117647058824,0,1
8,25.0,Nickeil Alexander-Walker,SG,MIN,82.0,20.0,56.00000000000001,80.0,2.0365853658536586,2.4878048780487805,0.7804878048780488,0.5121951219512195,0.926829268292683,1.7439024390243902,7.987804878048781,23.426829268292682,0,1
49,35.0,Nicolas Batum,PF,TOT,60.0,38.0,59.599999999999994,71.39999999999999,4.133333333333334,2.1333333333333333,0.8,0.6333333333333333,0.6666666666666666,1.8166666666666667,5.333333333333333,25.483333333333334,0,1
353,28.0,Nikola Jokić,C,DEN,79.0,79.0,61.199999999999996,81.69999999999999,12.354430379746836,8.962025316455696,1.3670886075949367,0.8607594936708861,3.0,2.4556962025316458,26.39240506329114,34.64556962025316,1,1
363,20.0,Nikola Jović,PF,MIA,46.0,38.0,56.8,70.19999999999999,4.173913043478261,1.9565217391304348,0.5434782608695652,0.30434782608695654,0.9130434782608695,1.7826086956521738,7.6521739130434785,19.47826086956522,0,1
691,33.0,Nikola Vučević,C,CHI,76.0,74.0,52.2,82.19999999999999,10.539473684210526,3.3421052631578947,0.6578947368421053,0.7894736842105263,1.5789473684210527,2.5,18.026315789473685,34.3421052631579,1,1
557,30.0,Norman Powell,SG,LAC,76.0,3.0,59.4,83.1,2.5657894736842106,1.0789473684210527,0.5657894736842105,0.2894736842105263,0.868421052631579,1.8026315789473684,13.894736842105264,26.18421052631579,0,1
17,26.0,OG Anunoby,SF,TOT,50.0,50.0,57.699999999999996,75.3,4.16,2.14,1.36,0.72,1.62,2.38,14.66,34.04,0,1
674,25.0,Obi Toppin,PF,IND,82.0,28.0,66.10000000000001,77.0,3.902439024390244,1.5609756097560976,0.573170731707317,0.524390243902439,0.8414634146341463,1.7439024390243902,10.28048780487805,21.097560975609756,0,1
4,23.0,Ochai Agbaji,SG,TOT,78.0,28.0,48.3,66.10000000000001,2.769230769230769,1.064102564102564,0.6025641025641025,0.5641025641025641,0.8205128205128205,1.5,5.833333333333333,21.03846153846154,0,1
760,25.0,Omer Yurtseven,C,UTA,48.0,12.0,55.2,67.9,4.333333333333333,0.6041666666666666,0.16666666666666666,0.375,0.7708333333333334,1.0833333333333333,4.625,11.354166666666666,0,1
520,23.0,Onyeka Okongwu,C,ATL,55.0,8.0,64.2,79.3,6.836363636363636,1.3454545454545455,0.4727272727272727,1.0909090909090908,0.8181818181818182,2.9454545454545453,10.2,25.545454545454547,0,1
95,25.0,Oshae Brissett,SF,BOS,55.0,1.0,49.3,60.199999999999996,2.909090909090909,0.8,0.34545454545454546,0.14545454545454545,0.36363636363636365,0.9818181818181818,3.6545454545454548,11.454545454545455,0,1
706,25.0,P.J. Washington,PF,TOT,73.0,45.0,51.800000000000004,68.30000000000001,5.63013698630137,1.9315068493150684,0.9863013698630136,0.8082191780821918,1.3150684931506849,2.315068493150685,12.863013698630137,30.424657534246574,0,1
33,21.0,Paolo Banchero,PF,ORL,80.0,80.0,49.7,72.5,6.925,5.3875,0.8875,0.5875,3.0875,1.9125,22.55,34.9875,1,1
620,29.0,Pascal Siakam,PF,TOT,80.0,80.0,56.89999999999999,73.2,7.0625,4.275,0.7875,0.3125,1.7625,2.4125,21.7125,33.2125,1,1
145,31.0,Pat Connaughton,SF,MIL,76.0,3.0,55.300000000000004,75.9,3.1447368421052633,2.1184210526315788,0.5263157894736842,0.25,0.6447368421052632,1.3026315789473684,5.631578947368421,22.05263157894737,0,1
63,35.0,Patrick Beverley,PG,TOT,73.0,13.0,49.7,82.19999999999999,3.2739726027397262,2.904109589041096,0.589041095890411,0.4246575342465753,0.8904109589041096,1.7534246575342465,6.178082191780822,20.027397260273972,0,1
738,22.0,Patrick Williams,PF,CHI,43.0,30.0,52.5,78.8,3.86046511627907,1.5348837209302326,0.9302325581395349,0.7674418604651163,1.3255813953488371,2.0232558139534884,9.976744186046512,27.302325581395348,0,1
235,33.0,Paul George,PF,LAC,74.0,74.0,56.89999999999999,90.7,5.243243243243243,3.5405405405405403,1.527027027027027,0.5,2.0675675675675675,2.72972972972973,22.58108108108108,33.810810810810814,1,1
575,24.0,Paul Reed,C,PHI,82.0,24.0,56.10000000000001,71.8,5.951219512195122,1.329268292682927,0.8170731707317073,1.024390243902439,0.8170731707317073,2.4146341463414633,7.317073170731708,19.390243902439025,0,1
561,26.0,Payton Pritchard,PG,BOS,82.0,5.0,58.3,82.1,3.231707317073171,3.426829268292683,0.47560975609756095,0.07317073170731707,0.7439024390243902,1.2926829268292683,9.597560975609756,22.25609756097561,0,1
715,21.0,Peyton Watson,SF,DEN,80.0,4.0,51.6,67.0,3.225,1.075,0.525,1.1,0.725,1.7875,6.65,18.6,0,1
0,24.0,Precious Achiuwa,PF-C,TOT,74.0,18.0,52.900000000000006,61.6,6.581081081081081,1.3108108108108107,0.6216216216216216,0.918918918918919,1.1216216216216217,1.9324324324324325,7.635135135135135,21.945945945945947,0,1
267,23.0,Quentin Grimes,SG,TOT,51.0,18.0,49.5,75.6,1.9607843137254901,1.2941176470588236,0.6862745098039216,0.13725490196078433,0.5490196078431373,1.4705882352941178,7.03921568627451,20.098039215686274,0,1
41,23.0,RJ Barrett,SG,TOT,58.0,58.0,54.7,71.5,5.431034482758621,3.3275862068965516,0.5344827586206896,0.3793103448275862,2.1724137931034484,2.2241379310344827,20.17241379310345,31.689655172413794,0,1
115,32.0,Reggie Bullock,SF,HOU,44.0,0.0,57.9,100.0,1.6590909090909092,0.3409090909090909,0.2727272727272727,0.11363636363636363,0.22727272727272727,0.6590909090909091,2.1818181818181817,9.477272727272727,0,1
335,33.0,Reggie Jackson,PG,DEN,82.0,23.0,49.9,80.60000000000001,1.8902439024390243,3.7560975609756095,0.5365853658536586,0.15853658536585366,1.2926829268292683,1.8170731707317074,10.158536585365853,22.158536585365855,0,1
515,30.0,Royce O'Neale,SF,TOT,79.0,14.0,54.2,68.60000000000001,4.772151898734177,2.7721518987341773,0.7468354430379747,0.5569620253164557,0.9240506329113924,2.2025316455696204,7.69620253164557,24.734177215189874,0,1
249,31.0,Rudy Gobert,C,MIN,76.0,76.0,66.10000000000001,63.800000000000004,12.921052631578947,1.3421052631578947,0.6842105263157895,2.1315789473684212,1.5526315789473684,3.1315789473684212,13.960526315789474,34.11842105263158,1,1
272,25.0,Rui Hachimura,PF,LAL,68.0,39.0,60.9,73.9,4.323529411764706,1.1911764705882353,0.6029411764705882,0.36764705882352944,0.6764705882352942,1.4852941176470589,13.573529411764707,26.852941176470587,0,1
718,35.0,Russell Westbrook,PG,LAC,68.0,11.0,48.6,68.8,5.044117647058823,4.5,1.088235294117647,0.3382352941176471,2.1176470588235294,1.7794117647058822,11.088235294117647,22.485294117647058,0,1
66,24.0,Saddiq Bey,SF,ATL,63.0,51.0,49.7,83.7,6.523809523809524,1.4603174603174602,0.8095238095238095,0.1746031746031746,0.8571428571428571,1.3968253968253967,13.698412698412698,32.73015873015873,1,1
288,26.0,Sam Hauser,SF,BOS,79.0,13.0,62.3,89.5,3.4936708860759493,1.0379746835443038,0.5063291139240507,0.31645569620253167,0.4050632911392405,1.2531645569620253,9.012658227848101,22.037974683544302,0,1
448,27.0,Sam Merrill,SG,CLE,61.0,1.0,58.4,92.9,1.9672131147540983,1.7704918032786885,0.3114754098360656,0.06557377049180328,0.3114754098360656,1.180327868852459,7.950819672131147,17.524590163934427,0,1
414,24.0,Sandro Mamukelashvili,C,SAS,46.0,5.0,53.2,73.5,3.1956521739130435,1.065217391304348,0.15217391304347827,0.2608695652173913,0.41304347826086957,0.7608695652173914,4.130434782608695,9.804347826086957,0,1
7,23.0,Santi Aldama,PF,MEM,61.0,35.0,52.800000000000004,62.1,5.770491803278689,2.262295081967213,0.7049180327868853,0.8852459016393442,1.1311475409836065,1.459016393442623,10.721311475409836,26.524590163934427,0,1
689,28.0,Sasha Vezenkov,PF,SAC,42.0,0.0,55.800000000000004,80.0,2.2857142857142856,0.4523809523809524,0.47619047619047616,0.16666666666666666,0.2857142857142857,1.0,5.357142857142857,12.166666666666666,0,1
295,19.0,Scoot Henderson,PG,POR,62.0,32.0,44.0,81.89999999999999,3.129032258064516,5.419354838709677,0.7741935483870968,0.20967741935483872,3.4193548387096775,3.1451612903225805,14.0,28.467741935483872,0,1
40,22.0,Scottie Barnes,SG,TOR,60.0,60.0,52.800000000000004,78.10000000000001,8.233333333333333,6.05,1.25,1.4666666666666666,2.75,1.9666666666666666,19.85,34.9,0,1
155,33.0,Seth Curry,SG,TOT,44.0,4.0,48.5,90.3,1.5454545454545454,1.0,0.5,0.13636363636363635,0.4772727272727273,0.8863636363636364,5.136363636363637,14.0,0,1
243,25.0,Shai Gilgeous-Alexander,PG,OKC,75.0,75.0,56.699999999999996,87.4,5.533333333333333,6.2,2.0,0.8933333333333333,2.16,2.453333333333333,30.053333333333335,34.04,1,1
464,27.0,Shake Milton,SG,TOT,48.0,0.0,45.1,81.6,1.5625,1.25,0.3958333333333333,0.125,0.6458333333333334,1.125,4.5,12.104166666666666,0,1
206,28.0,Simone Fontecchio,SF,TOT,66.0,43.0,58.199999999999996,81.8,3.727272727272727,1.5303030303030303,0.6666666666666666,0.3484848484848485,1.0303030303030303,1.6666666666666667,10.484848484848484,24.90909090909091,0,1
173,30.0,Spencer Dinwiddie,PG,TOT,76.0,52.0,48.9,80.5,2.6973684210526314,4.684210526315789,0.6710526315789473,0.2894736842105263,1.1973684210526316,1.8157894736842106,10.460526315789474,28.31578947368421,1,1
158,35.0,Stephen Curry,PG,GSW,74.0,74.0,57.3,92.30000000000001,4.45945945945946,5.121621621621622,0.7297297297297297,0.3783783783783784,2.8378378378378377,1.5810810810810811,26.43243243243243,32.71621621621622,1,1
497,26.0,Svi Mykhailiuk,SF,BOS,41.0,2.0,56.89999999999999,66.7,1.2439024390243902,0.8536585365853658,0.2682926829268293,0.024390243902439025,0.2926829268292683,0.4634146341463415,3.951219512195122,10.073170731707316,0,1
437,31.0,T.J. McConnell,PG,IND,71.0,4.0,57.199999999999996,79.0,2.6901408450704225,5.492957746478873,1.0140845070422535,0.11267605633802817,1.5211267605633803,1.1126760563380282,10.23943661971831,18.183098591549296,0,1
314,23.0,Talen Horton-Tucker,PG,UTA,51.0,11.0,46.0,80.7,2.372549019607843,3.4705882352941178,0.8823529411764706,0.37254901960784315,1.2745098039215685,1.8431372549019607,10.117647058823529,19.784313725490197,0,1
560,29.0,Taurean Prince,PF,LAL,78.0,49.0,56.599999999999994,73.5,2.948717948717949,1.5256410256410255,0.7435897435897436,0.44871794871794873,0.9358974358974359,1.8717948717948718,8.935897435897436,27.025641025641026,0,1
415,27.0,Terance Mann,SG,LAC,75.0,71.0,58.699999999999996,83.2,3.3866666666666667,1.5866666666666667,0.5733333333333334,0.2,0.64,1.9333333333333333,8.773333333333333,24.973333333333333,1,1
592,29.0,Terry Rozier,PG-SG,TOT,61.0,60.0,51.800000000000004,86.9,4.049180327868853,5.60655737704918,1.0327868852459017,0.3442622950819672,1.7377049180327868,1.6557377049180328,19.75409836065574,33.442622950819676,1,1
276,31.0,Tim Hardaway Jr.,SF,DAL,79.0,12.0,51.0,85.2,3.2151898734177213,1.759493670886076,0.5316455696202531,0.0759493670886076,0.8734177215189873,1.3417721518987342,14.417721518987342,26.835443037974684,0,1
284,31.0,Tobias Harris,PF,PHI,70.0,70.0,53.5,87.8,6.4714285714285715,3.1,1.0,0.6571428571428571,1.3285714285714285,1.6428571428571428,17.2,33.82857142857143,1,1
151,33.0,Torrey Craig,SF,CHI,53.0,14.0,55.00000000000001,75.0,4.09433962264151,1.0943396226415094,0.5660377358490566,0.39622641509433965,0.6037735849056604,2.0754716981132075,5.716981132075472,19.79245283018868,0,1
124,23.0,Toumani Camara,PF,POR,70.0,49.0,51.6,75.8,4.9,1.2428571428571429,0.9428571428571428,0.4714285714285714,1.2,2.4857142857142858,7.5285714285714285,24.84285714285714,1,1
759,25.0,Trae Young,PG,ATL,54.0,54.0,51.6,85.5,2.759259259259259,10.796296296296296,1.3333333333333333,0.2037037037037037,4.351851851851852,2.0185185185185186,25.72222222222222,35.96296296296296,0,1
336,23.0,Trayce Jackson-Davis,PF,GSW,68.0,16.0,70.19999999999999,56.10000000000001,5.014705882352941,1.2058823529411764,0.4264705882352941,1.1176470588235294,0.7205882352941176,1.588235294117647,7.9411764705882355,16.61764705882353,0,1
359,24.0,Tre Jones,PG,SAS,77.0,48.0,55.800000000000004,85.6,3.7532467532467533,6.207792207792208,1.0129870129870129,0.11688311688311688,1.5064935064935066,1.1948051948051948,10.012987012987013,27.766233766233768,0,1
416,22.0,Tre Mann,PG,TOT,41.0,28.0,53.300000000000004,76.3,3.6341463414634148,4.024390243902439,1.2439024390243902,0.07317073170731707,1.5853658536585367,1.170731707317073,9.317073170731707,24.073170731707318,0,1
714,23.0,Trendon Watford,PF,BRK,63.0,2.0,57.099999999999994,79.4,3.0793650793650795,1.2857142857142858,0.36507936507936506,0.30158730158730157,1.0,1.6825396825396826,6.857142857142857,13.587301587301587,0,1
410,28.0,Trey Lyles,PF,SAC,58.0,0.0,57.599999999999994,70.0,4.431034482758621,1.2413793103448276,0.29310344827586204,0.3275862068965517,0.6551724137931034,1.4827586206896552,7.224137931034483,19.96551724137931,0,1
488,23.0,Trey Murphy III,SF,NOP,57.0,23.0,57.9,81.5,4.912280701754386,2.175438596491228,0.8947368421052632,0.49122807017543857,0.5964912280701754,1.2280701754385965,14.771929824561404,29.649122807017545,0,1
666,32.0,Tristan Thompson,C,CLE,49.0,0.0,60.8,28.799999999999997,3.5510204081632653,1.0408163265306123,0.24489795918367346,0.2857142857142857,0.5918367346938775,1.2040816326530612,3.2857142857142856,11.204081632653061,0,1
109,24.0,Troy Brown Jr.,SF,TOT,59.0,15.0,47.599999999999994,86.5,2.440677966101695,1.0169491525423728,0.4067796610169492,0.05084745762711865,0.5084745762711864,0.711864406779661,4.186440677966102,14.016949152542374,0,1
297,24.0,Tyler Herro,SG,MIA,42.0,40.0,53.1,85.6,5.285714285714286,4.476190476190476,0.7142857142857143,0.07142857142857142,2.2142857142857144,1.5,20.833333333333332,33.5,0,1
274,23.0,Tyrese Haliburton,PG,IND,69.0,68.0,56.99999999999999,85.5,3.927536231884058,10.898550724637682,1.2028985507246377,0.6956521739130435,2.3043478260869565,1.0869565217391304,20.130434782608695,32.231884057971016,1,1
431,23.0,Tyrese Maxey,PG,PHI,70.0,70.0,52.400000000000006,86.8,3.6857142857142855,6.185714285714286,0.9857142857142858,0.4714285714285714,1.6571428571428573,2.157142857142857,25.942857142857143,37.51428571428571,1,1
360,27.0,Tyus Jones,PG,WAS,66.0,66.0,56.89999999999999,80.0,2.712121212121212,7.348484848484849,1.0757575757575757,0.2727272727272727,1.0,0.7272727272727273,11.969696969696969,29.28787878787879,1,1
452,30.0,Vasilije Micić,PG,TOT,60.0,21.0,48.8,81.3,1.4666666666666666,4.366666666666666,0.5166666666666667,0.11666666666666667,1.65,1.1333333333333333,7.033333333333333,19.6,0,1
716,20.0,Victor Wembanyama,C,SAS,71.0,71.0,51.9,79.60000000000001,10.633802816901408,3.859154929577465,1.2394366197183098,3.5774647887323945,3.6619718309859155,2.1549295774647885,21.43661971830986,29.661971830985916,1,1
740,23.0,Vince Williams Jr.,SG,MEM,52.0,33.0,55.00000000000001,80.0,5.576923076923077,3.3653846153846154,0.9038461538461539,0.6538461538461539,1.7692307692307692,2.5961538461538463,10.01923076923077,27.615384615384617,0,1
366,22.0,Walker Kessler,C,UTA,64.0,22.0,66.0,60.199999999999996,7.515625,0.9375,0.46875,2.40625,1.03125,2.0625,8.09375,23.328125,0,1
127,24.0,Wendell Carter Jr.,C,ORL,55.0,48.0,60.0,69.39999999999999,6.927272727272728,1.7272727272727273,0.6363636363636364,0.509090909090909,1.2363636363636363,2.2,10.963636363636363,25.563636363636363,0,1
670,25.0,Xavier Tillman Sr.,C-PF,TOT,54.0,15.0,47.0,44.0,3.9074074074074074,1.4259259259259258,0.9444444444444444,0.8148148148148148,0.6296296296296297,1.3888888888888888,5.2592592592592595,18.037037037037038,0,1
143,26.0,Zach Collins,C,SAS,69.0,29.0,53.1,75.3,5.36231884057971,2.8115942028985508,0.4927536231884058,0.7536231884057971,1.9130434782608696,2.9855072463768115,11.246376811594203,22.115942028985508,0,1
504,23.0,Zeke Nnaji,PF,DEN,58.0,0.0,48.3,67.7,2.1724137931034484,0.5517241379310345,0.25862068965517243,0.6551724137931034,0.46551724137931033,1.396551724137931,3.206896551724138,9.931034482758621,0,1
741,22.0,Ziaire Williams,SF,MEM,51.0,15.0,47.4,82.69999999999999,3.5294117647058822,1.4705882352941178,0.7058823529411765,0.17647058823529413,1.2941176470588236,1.6666666666666667,8.235294117647058,20.352941176470587,0,1
742,23.0,Zion Williamson,PF,NOP,70.0,70.0,57.3,70.19999999999999,5.8,5.0285714285714285,1.1,0.6714285714285714,2.757142857142857,2.2714285714285714,22.87142857142857,31.52857142857143,1,1
